{"1": {"health": 0, "position": [341.26000000000016, 958.9200000000002]}, "h": {"health": 100, "position": [1341.7450000000001, 709.5049999999993]}}