{
  "2": {
    "health": 70,
    "position": [
      726.5150000000028,
      801.842499999998
    ],
    "inventory": {
      "sword": 1
    },
    "level": 1,
    "exp": 0
  },
  "h": {
    "health": 100,
    "position": [
      1500.0,
      125.0
    ],
    "inventory": {
      "sword": 1
    }
  },
  "lee": {
    "health": 0,
    "position": [
      1699.5550000000007,
      388.69750000000147
    ],
    "inventory": {
      "sword": 1,
      "Wood": 4,
      "Fruit": 2
    },
    "level": 1,
    "exp": 0
  },
  "hi": {
    "health": 100,
    "position": [
      1500.0,
      383.48750000000075
    ],
    "inventory": {},
    "level": 1,
    "exp": 0
  },
  "bye": {
    "health": 200,
    "position": [
      487.26000000000573,
      1173.054999999995
    ],
    "inventory": {
      "Fish": 3,
      "Wood": 2,
      "Fruit": 2
    },
    "level": 2,
    "exp": 50
  },
  "hj2": {
    "health": 290,
    "position": [
      1500.0,
      125.0
    ],
    "inventory": {
      "Big Fish": 3,
      "Wood": 27,
      "Fruit": 17
    },
    "level": 3,
    "exp": 0
  },
  "hj3": {
    "health": 100,
    "position": [
      1396.2999999999995,
      530.6375000000015
    ],
    "inventory": {
      "Wood": 2,
      "Fruit": 2,
      "Fish": 1
    }
  },
  "hj1": {
    "health": 100,
    "position": [
      1500.0,
      125.0
    ],
    "inventory": {},
    "level": 1,
    "exp": 0
  },
  "666\r": {
    "health": 100,
    "position": [
      1221.992499999999,
      481.7925000000018
    ],
    "inventory": {
      "Fish": 1,
      "Wood": 2
    },
    "level": 1,
    "exp": 0
  }
}