{
  "2": {
    "health": 70,
    "position": [
      726.5150000000028,
      801.842499999998
    ],
    "inventory": {
      "sword": 1
    }
  },
  "h": {
    "health": 100,
    "position": [
      1500.0,
      125.0
    ],
    "inventory": {
      "sword": 1
    }
  },
  "lee": {
    "health": 0,
    "position": [
      1500.0,
      213.45
    ],
    "inventory": {
      "sword": 1
    }
  },
  "hi": {
    "health": 100,
    "position": [
      1500,
      125
    ],
    "inventory": {}
  },
  "bye": {
    "health": 70,
    "position": [
      1489.9350000000002,
      192.48000000000013
    ],
    "inventory": {
      "Fish": 3,
      "Wood": 2,
      "Fruit": 2
    }
  },
  "hj2": {
    "health": 70,
    "position": [
      214.12000000000288,
      1214.144999999989
    ],
    "inventory": {
      "Big Fish": 3,
      "Wood": 23,
      "Fruit": 15
    },
    "level": 2,
    "exp": 25
  },
  "hj3": {
    "health": 100,
    "position": [
      1396.2999999999995,
      530.6375000000015
    ],
    "inventory": {
      "Wood": 2,
      "Fruit": 2,
      "Fish": 1
    }
  },
  "hj1": {
    "health": 100,
    "position": [
      1500.0,
      125.0
    ],
    "inventory": {}
  }
}