{"2": {"health": 70, "position": [726.5150000000028, 801.842499999998], "inventory": {"sword": 1}}, "h": {"health": 100, "position": [1500, 125], "inventory": {"sword": 1}}, "lee": {"health": 100, "position": [1500, 125], "inventory": {"sword": 1}}}