{"2": {"health": 70, "position": [726.5150000000028, 801.842499999998], "inventory": {"sword": 1}}}