{
  "2": {
    "health": 70,
    "position": [
      726.5150000000028,
      801.842499999998
    ],
    "inventory": {
      "sword": 1
    },
    "level": 1,
    "exp": 0
  },
  "h": {
    "health": 100,
    "position": [
      1500.0,
      125.0
    ],
    "inventory": {
      "sword": 1
    }
  },
  "lee": {
    "health": 0,
    "position": [
      1416.4299999999996,
      432.13500000000096
    ],
    "inventory": {
      "sword": 1
    },
    "level": 1,
    "exp": 0
  },
  "hi": {
    "health": 100,
    "position": [
      1500.0,
      125.0
    ],
    "inventory": {},
    "level": 1,
    "exp": 0
  },
  "bye": {
    "health": 200,
    "position": [
      487.26000000000573,
      1173.054999999995
    ],
    "inventory": {
      "Fish": 3,
      "Wood": 2,
      "Fruit": 2
    },
    "level": 2,
    "exp": 50
  },
  "hj2": {
    "health": 300,
    "position": [
      1502.8974999999998,
      150.4675
    ],
    "inventory": {
      "Big Fish": 3,
      "Wood": 27,
      "Fruit": 17
    },
    "level": 3,
    "exp": 0
  },
  "hj3": {
    "health": 50,
    "position": [
      1154.6549999999988,
      1139.534999999995
    ],
    "inventory": {
      "Wood": 15,
      "Fruit": 10,
      "Fish": 1
    }
  },
  "hj1": {
    "health": 100,
    "position": [
      1500.0,
      125.0
    ],
    "inventory": {}
  },
  "666": {
    "health": 100,
    "position": [
      872.1574999999998,
      448.45250000000107
    ],
    "inventory": {
      "Wood": 4,
      "Fruit": 2
    },
    "level": 1,
    "exp": 0
  }
}