{
  "2": {
    "health": 0,
    "position": [
      419.8350000000056,
      337.8800000000004
    ],
    "inventory": {
      "Wood": 2,
      "Fruit": 2,
      "fish": 8,
      "Big Fish": 1,
      "Fish": 1
    }
  },
  "h": {
    "health": 100,
    "position": [
      1500,
      125
    ],
    "inventory": {
      "sword": 1
    }
  },
  "hj": {
    "health": 100,
    "position": [
      1500.0,
      213.45
    ],
    "inventory": {
      "sword": 1
    }
  },
  "hi": {
    "health": 100,
    "position": [
      1585.8575000000005,
      125.0
    ],
    "inventory": {
      "Wood": 6,
      "Fruit": 4
    }
  }
}