{"2": {"health": 70, "position": [610.5550000000054, 406.3175000000024], "inventory": {}}, "h": {"health": 100, "position": [1500, 125], "inventory": {"sword": 1}}, "lee": {"health": 100, "position": [1495.0524999999977, 435.4725000000025], "inventory": {"sword": 1}}, "11": {"health": 100, "position": [1600.8025000000005, 428.1550000000011], "inventory": {"sword": 1, "Big Fish": 1, "Fish": 1}}, "try": {"health": 100, "position": [1500.0, 431.38500000000107], "inventory": {"sword": 1, "Big Fish": 1, "Crystal": 1}}}
