{"1": {"health": 0, "position": [341.26000000000016, 958.9200000000002]}}