{
  "2": {
    "health": 0,
    "position": [
      647.0600000000038,
      713.9449999999985
    ],
    "inventory": {
      "Wood": 2,
      "Fruit": 2,
      "fish": 8,
      "Big Fish": 1,
      "Fish": 1
    }
  },
  "h": {
    "health": 100,
    "position": [
      1500,
      125
    ],
    "inventory": {
      "sword": 1
    }
  },
  "hj": {
    "health": 100,
    "position": [
      1500.0,
      213.45
    ],
    "inventory": {
      "sword": 1
    }
  },
  "hi": {
    "health": 100,
    "position": [
      1485.9224999999994,
      733.5149999999987
    ],
    "inventory": {
      "Wood": 6,
      "Fruit": 4,
      "Fish": 6,
      "Big Fish": 2
    }
  }
}