{
  "2": {
    "health": 70,
    "position": [
      726.5150000000028,
      801.842499999998
    ],
    "inventory": {
      "sword": 1
    }
  },
  "h": {
    "health": 100,
    "position": [
      1500,
      125
    ],
    "inventory": {
      "sword": 1
    }
  },
  "lee": {
    "health": 0,
    "position": [
      1429.752499999997,
      479.4449999999994
    ],
    "inventory": {
      "sword": 1,
      "Wood": 2,
      "Fruit": 2,
      "Crystal": 1,
      "Big Fish": 1
    }
  },
  "hi": {
    "health": 100,
    "position": [
      1500,
      125
    ],
    "inventory": {}
  },
  "bye": {
    "health": 100,
    "position": [
      355.8100000000043,
      992.3224999999957
    ],
    "inventory": {}
  }
}