{"2": {"health": 0, "position": [1517.8224999999973, 426.1850000000041], "inventory": {"sword": 1}}, "3": {"health": 0, "position": [947.714999999995, 480.2775000000081], "inventory": {"sword": 1}}}