{
  "2": {
    "health": 0,
    "position": [
      419.8350000000056,
      337.8800000000004
    ],
    "inventory": {
      "Wood": 2,
      "Fruit": 2,
      "fish": 8,
      "Big Fish": 1,
      "Fish": 1
    }
  },
  "h": {
    "health": 100,
    "position": [
      1500.0,
      125.0
    ],
    "inventory": {
      "sword": 1
    }
  },
  "hj": {
    "health": 100,
    "position": [
      1243.8274999999983,
      636.3324999999996
    ],
    "inventory": {
      "sword": 1,
      "Fish": 2,
      "Wood": 2
    }
  },
  "hi": {
    "health": 100,
    "position": [
      1585.8575000000005,
      125.0
    ],
    "inventory": {
      "Wood": 6,
      "Fruit": 4
    }
  },
  "hj2": {
    "health": 70,
    "position": [
      214.12000000000288,
      1214.144999999989
    ],
    "inventory": {
      "Big Fish": 3,
      "Wood": 23,
      "Fruit": 15
    },
    "level": 2,
    "exp": 25
  },
  "hj3": {
    "health": 100,
    "position": [
      1396.2999999999995,
      530.6375000000015
    ],
    "inventory": {
      "Wood": 2,
      "Fruit": 2,
      "Fish": 1
    }
  },
  "hj1": {
    "health": 100,
    "position": [
      1500.0,
      125.0
    ],
    "inventory": {}
  }
}