{
  "2": {
    "health": 70,
    "position": [
      726.5150000000028,
      801.842499999998
    ],
    "inventory": {
      "sword": 1
    },
    "level": 1,
    "exp": 0
  },
  "h": {
    "health": 100,
    "position": [
      1500.0,
      125.0
    ],
    "inventory": {
      "sword": 1
    }
  },
  "lee": {
    "health": 0,
    "position": [
      1515.7925000000014,
      208.44250000000065
    ],
    "inventory": {
      "sword": 1,
      "Wood": 4,
      "Fruit": 1
    },
    "level": 1,
    "exp": 0
  },
  "hi": {
    "health": 100,
    "position": [
      1500.0,
      383.48750000000075
    ],
    "inventory": {},
    "level": 1,
    "exp": 0
  },
  "bye": {
    "health": 500,
    "position": [
      556.0225000000052,
      1219.8574999999955
    ],
    "inventory": {
      "Wood": 6,
      "Fruit": 2
    },
    "level": 5,
    "exp": 5
  },
  "hj2": {
    "health": 290,
    "position": [
      1500.0,
      125.0
    ],
    "inventory": {
      "Big Fish": 3,
      "Wood": 27,
      "Fruit": 17
    },
    "level": 3,
    "exp": 0
  },
  "hj3": {
    "health": 50,
    "position": [
      1154.6549999999988,
      1139.534999999995
    ],
    "inventory": {
      "Wood": 15,
      "Fruit": 10,
      "Fish": 1
    }
  },
  "hj1": {
    "health": 100,
    "position": [
      1500.0,
      125.0
    ],
    "inventory": {},
    "level": 1,
    "exp": 0
  },
  "666\r": {
    "health": 90,
    "position": [
      175.11000000000448,
      1295.9624999999985
    ],
    "inventory": {
      "Wood": 33
    },
    "level": 1,
    "exp": 0
  }
}