{
  "2": {
    "health": 70,
    "position": [
      726.5150000000028,
      801.842499999998
    ],
    "inventory": {
      "sword": 1
    }
  },
  "h": {
    "health": 100,
    "position": [
      1500.0,
      125.0
    ],
    "inventory": {
      "sword": 1
    }
  },
  "lee": {
    "health": 0,
    "position": [
      1474.0749999999996,
      194.6925
    ],
    "inventory": {
      "sword": 1
    },
    "level": 1,
    "exp": 0
  },
  "hi": {
    "health": 100,
    "position": [
      1500,
      125
    ],
    "inventory": {}
  },
  "bye": {
    "health": 200,
    "position": [
      487.26000000000573,
      1173.054999999995
    ],
    "inventory": {
      "Fish": 3,
      "Wood": 2,
      "Fruit": 2
    },
    "level": 2,
    "exp": 50
  },
  "hj2": {
    "health": 130,
    "position": [
      372.01000000000306,
      1318.3124999999952
    ],
    "inventory": {
      "Big Fish": 3,
      "Wood": 27,
      "Fruit": 17
    },
    "level": 3,
    "exp": 75
  },
  "hj3": {
    "health": 180,
    "position": [
      1170.4474999999993,
      1272.0924999999952
    ],
    "inventory": {
      "Wood": 4,
      "Fruit": 2,
      "Fish": 1
    },
    "level": 2,
    "exp": 50
  },
  "hj1": {
    "health": 200,
    "position": [
      282.38250000000346,
      1273.9174999999964
    ],
    "inventory": {
      "Wood": 9,
      "Fruit": 6
    },
    "level": 3,
    "exp": 25
  }
}