{"1": {"password": "11", "health": 20, "position": [425.70000000000084, 513.0749999999991]}, "lee": {"password": "lee", "health": 100, "position": [400, 300]}}