{"1": {"password": "11", "health": 20, "position": [425.70000000000084, 513.0749999999991]}, "lee": {"password": "lee", "health": 100, "position": [400, 300]}, "3": {"password": "1", "health": 100, "position": [1170.8699999999994, 1091.8249999999985]}, "4": {"password": "44", "health": 0, "position": [1232.299999999998, 394.92500000000024]}, "h": {"password": "1", "health": 0, "position": [809.9050000000034, 1078.8299999999997]}, "hu": {"password": "2", "health": 100, "position": [1500, 125]}}