{"1": {"password": "11", "health": 20, "position": [1586.0850000000064, 18.6050000000002]}, "h": {"password": "1", "health": 100, "position": [400, 300]}}