{"1": {"password": "11", "health": 20, "position": [1586.0850000000064, 18.6050000000002]}, "h": {"password": "1", "health": 0, "position": [1312.4300000000005, 1245.1199999999972]}, "`": {"password": "`", "health": 100, "position": [400, 300]}, "2": {"password": "1", "health": 100, "position": [400, 300]}, "3": {"password": "1", "health": 100, "position": [400, 300]}, "4": {"password": "1", "health": 100, "position": [400, 300]}}