{"1": {"password": "11", "health": 20, "position": [425.70000000000084, 513.0749999999991]}, "2": {"password": "22", "health": 100, "position": [1500, 125]}}