{"1": {"password": "11", "health": 80, "position": [1530.5050000000065, 126.57499999999987]}}